[
		//Gear
	{
		"name": "Shield",
		"type": "toggle",
		"loop": true,
		"img":"images/shield.png",
		"codes": "shield"
	},
	{
		"name": "Lantern",
		"type": "toggle",
		"loop": true,
		"img":"images/lantern.png",
		"codes": "light"
	},
	{
		"name": "Laurels",
		"type": "toggle",
		"loop": true,
		"img":"images/laurels.png",
		"codes": "dash"
	},
	{
		"name": "Red Vault Key",
		"type": "toggle",
		"loop": true,
		"img":"images/redvaultkey.png",
		"codes": "vaultkey"
	},
	//Weapons
	{
		"name": "Stick",
		"type": "toggle",
		"loop": true,
		"img":"images/stick.png",
		"codes": "stick,ring,switch,tubes"
	},
	{
		"name": "Sword",
		"type": "toggle",
		"loop": true,
		"img":"images/sword.png",
		"codes": "sword,ring,grass,switch,tubes"
	},
	{
		"name": "Magic Dagger",
		"type": "toggle",
		"loop": true,
		"img":"images/magic_dagger.png",
		"codes": "dagger,freeze"
	},
	{
		"name": "Magic Staff",
		"type": "toggle",
		"loop": true,
		"img":"images/magic_staff.png",
		"codes": "staff,grass,switch,tubes"
	},
	{
		"name": "Magic Hourglass",
		"type": "toggle",
		"loop": true,
		"img":"images/magic_hourglass.png",
		"codes": "hourglass"
	},
	{
		"name": "A Gun?!",
		"type": "toggle",
		"loop": true,
		"img":"images/a_gun.png",
		"codes": "gun,grass,switch,tubes"
	},
	{
		"name": "Magic Orb",
		"type": "toggle",
		"loop": true,
		"img":"images/magic_orb.png",
		"codes": "orb"
	},
	//Consumables
	{
		"name": "Ice Bomb",
		"type": "toggle",
		"loop": true,
		"img":"images/ice_bomb.png",
		"codes": "icebomb,freeze,boom"
	},
	{
		"name": "Dynamite",
		"type": "toggle",
		"loop": true,
		"img":"images/dynamite.png",
		"codes": "dynamite,boom,grass,switch,tubes"
	},
	{
		"name": "Fire Bomb",
		"type": "toggle",
		"loop": true,
		"img":"images/fire_bomb.png",
		"codes": "firebomb,fire,grass,tubes"
	},
	{
		"name": "Golden Coin",
		"type": "consumable",
		"loop": true,
		"img":"images/golden_coins.png",
		"codes": "wishes,throwy",
		"max_quantity": 16
	},
	{
		"name": "Wishes Made",
		"type": "consumable",
		"loop": true,
		"img":"images/wishes.png",
		"codes": "justawell,throwy",
		"max_quantity": 16
	},
	{
		"name": "Lure",
		"type": "toggle",
		"loop": true,
		"img":"images/lure.png",
		"codes": "lure"
	},
	{
		"name": "Effigy",
		"type": "toggle",
		"loop": true,
		"img":"images/effigy.png",
		"codes": "effigy"
	},
	//Collectibles
	{
		"name": "Souls",
		"type": "consumable",
		"loop": true,
		"img":"images/souls.png",
		"codes": "soul",
		"max_quantity": 20
	},
	{
		"name": "Manual Pages",
		"type": "consumable",
		"loop": true,
		"img":"images/manual_pages.png",
		"codes": "manual",
		"max_quantity": 28
	},
	{
		"name": "Flasks",
		"type": "consumable",
		"loop": true,
		"img":"images/flasks.png",
		"codes": "heal",
		"max_quantity": 9
	},
	{
		"name": "Flask Shards",
		"type": "consumable",
		"loop": true,
		"img":"images/flask_shards.png",
		"codes": "healshard",
		"max_quantity": 12
	},
	{
		"name": "Keys",
		"type": "consumable",
		"loop": true,
		"img":"images/keys.png",
		"codes": "key",
		"max_quantity": 2
	},
	{
		"name": "Old House Key",
		"type": "toggle",
		"loop": true,
		"img":"images/oldhousekey.png",
		"codes": "oldkey"
	},
	{
		"name": "Dath Stone",
		"type": "toggle",
		"loop": true,
		"img":"images/dath.png",
		"codes": "dath"
	},
	{
		"name": "Attack Fangs",
		"type": "consumable",
		"loop": true,
		"img":"images/attack_fangs.png",
		"codes": "fangs",
		"max_quantity": 4
	},
	{
		"name": "Card Slots",
		"type": "consumable",
		"loop": true,
		"img":"images/card_slots.png",
		"codes": "slot",
		"max_quantity": 5,
		"min_quantity": 1
	},
	{
		"name": "Defense Idols",
		"type": "consumable",
		"loop": true,
		"img":"images/defense_idols.png",
		"codes": "idols",
		"max_quantity": 4
	},
	{
		"name": "HP Flowers",
		"type": "consumable",
		"loop": true,
		"img":"images/hp_flowers.png",
		"codes": "flowers",
		"max_quantity": 6
	},
	{
		"name": "MP Shrooms",
		"type": "consumable",
		"loop": true,
		"img":"images/mp_shrooms.png",
		"codes": "shrooms",
		"max_quantity": 3
	},
	{
		"name": "Potion Powder",
		"type": "consumable",
		"loop": true,
		"img":"images/potion_powder.png",
		"codes": "powder",
		"max_quantity": 3
	},
	{
		"name": "Stamina Leaves",
		"type": "consumable",
		"loop": true,
		"img":"images/stamina_leaves.png",
		"codes": "leaves",
		"max_quantity": 2
	},
	//Other Items
	{
		"name": "Anklet",
		"type": "toggle",
		"loop": true,
		"img":"images/anklet.png",
		"codes": "anklet"
	},
	{
		"name": "Aura's Gem",
		"type": "toggle",
		"loop": true,
		"img":"images/auras_gem.png",
		"codes": "gem"
	},
	{
		"name": "Back To Work",
		"type": "toggle",
		"loop": true,
		"img":"images/back_to_work.png",
		"codes": "work"
	},
	{
		"name": "Blue Key",
		"type": "toggle",
		"loop": true,
		"img":"images/blue_key.png",
		"codes": "blue"
	},
	{
		"name": "Blue Peril Ring",
		"type": "toggle",
		"loop": true,
		"img":"images/blue_peril_ring.png",
		"codes": "blueperil"
	},
	{
		"name": "Bone",
		"type": "toggle",
		"loop": true,
		"img":"images/bone.png",
		"codes": "bone"
	},
	{
		"name": "Bracer",
		"type": "toggle",
		"loop": true,
		"img":"images/bracer.png",
		"codes": "bracer"
	},
	{
		"name": "Dagger Strap",
		"type": "toggle",
		"loop": true,
		"img":"images/dagger_strap.png",
		"codes": "strap"
	},
	{
		"name": "Dusty",
		"type": "toggle",
		"loop": true,
		"img":"images/dusty.png",
		"codes": "dusty"
	},
	{
		"name": "Fire Sword",
		"type": "toggle",
		"loop": true,
		"img":"images/fire_sword.png",
		"codes": "firesword,fire"
	},
	{
		"name": "Forever Friend",
		"type": "toggle",
		"loop": true,
		"img":"images/forever_friend.png",
		"codes": "friend"
	},
	{
		"name": "Green Key",
		"type": "toggle",
		"loop": true,
		"img":"images/green_key.png",
		"codes": "green"
	},
	{
		"name": "HP Relic",
		"type": "toggle",
		"loop": true,
		"img":"images/heros_relic.png",
		"codes": "HPrelic"
	},
	{
		"name": "SP Relic",
		"type": "toggle",
		"loop": true,
		"img":"images/heros_relic.png",
		"codes": "SPrelic"
	},
	{
		"name": "MP Relic",
		"type": "toggle",
		"loop": true,
		"img":"images/heros_relic.png",
		"codes": "MPrelic"
	},
	{
		"name": "Attack Relic",
		"type": "toggle",
		"loop": true,
		"img":"images/heros_relic.png",
		"codes": "ATrelic"
	},
	{
		"name": "Defense Relic",
		"type": "toggle",
		"loop": true,
		"img":"images/heros_relic.png",
		"codes": "DEFrelic"
	},
	{
		"name": "Potion Relic",
		"type": "toggle",
		"loop": true,
		"img":"images/heros_relic.png",
		"codes": "POTrelic"
	},
	{
		"name": "Inverted Ash",
		"type": "toggle",
		"loop": true,
		"img":"images/inverted_ash.png",
		"codes": "ash"
	},
	{
		"name": "Just Some Pals",
		"type": "toggle",
		"loop": true,
		"img":"images/just_some_pals.png",
		"codes": "pals"
	},
	{
		"name": "Louder Echo",
		"type": "toggle",
		"loop": true,
		"img":"images/louder_echo.png",
		"codes": "loud"
	},
	{
		"name": "Lucky Cup",
		"type": "toggle",
		"loop": true,
		"img":"images/lucky_cup.png",
		"codes": "cup"
	},
	{
		"name": "Magic Echo",
		"type": "toggle",
		"loop": true,
		"img":"images/magic_echo.png",
		"codes": "mecho"
	},
	{
		"name": "Mr Mayor",
		"type": "toggle",
		"loop": true,
		"img":"images/mr_mayor.png",
		"codes": "mayor"
	},
	{
		"name": "Muffling Bell",
		"type": "toggle",
		"loop": true,
		"img":"images/muffling_bell.png",
		"codes": "bell"
	},
	{
		"name": "Orange Peril Ring",
		"type": "toggle",
		"loop": true,
		"img":"images/orange_peril_ring.png",
		"codes": "orangeperil"
	},
	{
		"name": "Perfume",
		"type": "toggle",
		"loop": true,
		"img":"images/perfume.png",
		"codes": "perfume"
	},
	{
		"name": "Phonomath",
		"type": "toggle",
		"loop": true,
		"img":"images/phonomath.png",
		"codes": "phonomath"
	},
	{
		"name": "Power Up",
		"type": "toggle",
		"loop": true,
		"img":"images/power_up.png",
		"codes": "powerup"
	},
	{
		"name": "Red Key",
		"type": "toggle",
		"loop": true,
		"img":"images/red_key.png",
		"codes": "red"
	},
	{
		"name": "Regal Weasel",
		"type": "toggle",
		"loop": true,
		"img":"images/regal_weasel.png",
		"codes": "weasel"
	},
	{
		"name": "Sacred Geometry",
		"type": "toggle",
		"loop": true,
		"img":"images/sacred_geometry.png",
		"codes": "geometry"
	},
	{
		"name": "Savenger's Mask",
		"type": "toggle",
		"loop": true,
		"img":"images/scavengers_mask.png",
		"codes": "mask"
	},
	{
		"name": "Secret Legend",
		"type": "toggle",
		"loop": true,
		"img":"images/secret_legend.png",
		"codes": "tunic"
	},
	{
		"name": "Spring Falls",
		"type": "toggle",
		"loop": true,
		"img":"images/spring_falls.png",
		"codes": "spring"
	},
	{
		"name": "Tincture",
		"type": "toggle",
		"loop": true,
		"img":"images/tincture.png",
		"codes": "tincture"
	},
	{
		"name": "Vintage",
		"type": "toggle",
		"loop": true,
		"img":"images/vintage.png",
		"codes": "vintage"
	},
	//Events
	{
		"name": "Ring the East Bell",
		"type": "toggle",
		"loop": true,
		"img":"images/east_bell.png",
		"codes": "ding"
	},
	{
		"name": "Ring the West Bell",
		"type": "toggle",
		"loop": true,
		"img":"images/west_bell.png",
		"codes": "dong"
	},
	{
		"name": "Visit the Heir",
		"type": "toggle",
		"loop": true,
		"img":"images/first_visit.png",
		"codes": "visit"
	},
	{
		"name": "Glitch Mode",
		"type": "progressive",
		"loop": true,
		"allow_disabled": false,
		"stages": [
			{//Glitchless
				"name": "Glitchless",
				"img": "images/glitchless.png",
				"codes": "mode,glitchless"
			},
			{//Glitches
				"name": "Glitches",
				"img": "images/glitches.png",
				"codes": "mode,glitches"
			}
		]
	},
	//Bosses
	{
		"name": "Guard Captain",
		"type": "toggle",
		"loop": true,
		"img":"images/captain.png",
		"codes": "captain"
	},
	{
		"name": "Garden Knight",
		"type": "toggle",
		"loop": true,
		"img":"images/gknight.png",
		"codes": "gknight"
	},
	{
		"name": "Siege Engine",
		"type": "toggle",
		"loop": true,
		"img":"images/engine.png",
		"codes": "engine"
	},
	{
		"name": "The Librarian",
		"type": "toggle",
		"loop": true,
		"img":"images/librarian.png",
		"codes": "librarian"
	},
	{
		"name": "Scavenger Queen",
		"type": "toggle",
		"loop": true,
		"img":"images/scavboss.png",
		"codes": "scavboss"
	},
	{
		"name": "Cathedral Gauntlet",
		"type": "toggle",
		"loop": true,
		"img":"images/gauntlet.png",
		"codes": "gauntlet"
	},
	{
		"name": "The Heir",
		"type": "toggle",
		"loop": true,
		"img":"images/heir.png",
		"codes": "heir"
	}
]
