{
    "shared_item_grid": {
        "type":"array",
        "orientation": "horizontal",
        "content": [
            {
                "type": "itemgrid",
                "h_alignment": "center",
				"margin": "-1,0,-5,0",
                "item_margin": "1,2",
				"item_size": 40,
                "rows": [
					["healshard", "heal", "red", "green", "blue", "oldkey", "key"],
                    ["shield", "light", "dash", "vaultkey", "slot", "manual", "soul"],
					["dynamite", "firebomb", "icebomb", "lure", "effigy", "wishes", "mask"],
					["stick", "sword", "dagger", "icerod", "staff", "orb", "gun", "hourglass"],
					["attrelic", "defrelic", "hprelic", "potionrelic", "sprelic", "mprelic","hexquest"],
					["pray","cross","dath","goldenpower","justawell","ding", "dong"],
					["captain", "gknight", "engine", "librarian", "scavboss", "gauntlet", "heir", "auto_tab"]
                ]
            }
		]
    },
	"other": {
		"type":"array",
        "orientation": "horizontal",
        "content": [
			{
			"type": "itemgrid",
				"h_alignment": "center",
				"margin": "-2,0,-2,0",
				"item_margin": "1,2",
				"item_size": 40,
				"rows": [
					["anklet", "gem", "blueperil", "bone"],
					["bracer", "strap", "firesword", "ash"],
					["loud", "cup", "mecho", "bell"],
					["orangeperil", "perfume", "mask", "tincture"],
					["mayor", "tunic", "geometry", "vintage"],
					["pals", "weasel", "spring", "powerup"],
					["work", "phonomath", "dusty", "friend"]
				]			
			}
		]
	},
  "ladders": {
    "type": "array",
    "orientation": "horizontal",
    "content": [
      {
        "type": "itemgrid",
        "h_alignment": "center",
        "margin": "0,0,0,0",
        "item_margin": "2,2",
        "item_size": "40",
        "rows": [
          ["ladders_near_weathervane", "ladders_near_overworld_checkpoint", "ladders_near_patrol_cave"],
          ["ladder_near_temple_rafters", "ladders_near_dark_tomb", "ladder_in_dark_tomb"],
          ["ladders_to_west_bell", "ladders_in_overworld_town", "ladders_in_hourglass_cave"],
          ["ladders_in_well", "ladder_to_quarry", "ladders_in_lower_quarry"],
          ["ladder_to_east_forest", "ladders_to_lower_forest", "ladder_to_beneath_the_vault"],
          ["ladder_to_ruined_atoll", "ladders_in_south_atoll", "ladders_to_frogs_domain"],
          ["ladders_in_library", "ladder_to_swamp", "ladders_in_swamp"]
        ]
      }
    ]
  },
	"hints": {
		"type":"array",
        "orientation": "horizontal",
        "content": [
			{
			"type": "itemgrid",
				"h_alignment": "center",
				"margin": "0,0,-3,0",
				"item_margin": "0,7",
				"item_size": 63,
				"rows": [
					["mailbox", "arrow", "mailhint"],
					["gravehexGL", "isin", "gravehintGL"],
					["gravehexMQ", "isin", "gravehintMQ"],
					["gravehexSW", "isin", "gravehintSW"]
				]			
			}
		]
	},
	"hints2": {
		"type":"array",
        "orientation": "horizontal",
        "content": [
			{
			"type": "itemgrid",
				"h_alignment": "center",
				"margin": "0,0,0,0",
				"item_margin": "0,7",
				"item_size": 63,
				"rows": [
					["dash", "isin", "laurelshint"],
					["graveitemEF", "isin", "gravehintEF"],
					["graveitemWG", "isin", "gravehintWG"],
					["graveitemFF", "isin", "gravehintFF"]
				]			
			}
		]
	},
    "tracker_capture_item": {
        "type": "container",
        "content": {
            "type": "itemgrid",
            "h_alignment": "center",
            "item_margin": "1,2",
            "rows": [
                ["healshard", "heal", "red", "green", "blue", "oldkey", "key"],
				["shield", "light", "dash", "vaultkey", "slot", "manual", "soul"],
				["dynamite", "firebomb", "icebomb", "lure", "effigy", "wishes", "mask"],
				["stick", "sword", "dagger", "staff", "orb", "gun", "hourglass"],
				["fangs", "idols", "powder", "flowers", "leaves", "shrooms","hexquest"],
				["anklet", "gem", "blueperil", "bone"],
				["bracer", "strap", "firesword", "ash"],
				["loud", "cup", "mecho", "bell"],
				["orangeperil", "perfume", "mask", "tincture"],
				["mayor", "tunic", "geometry", "vintage"],
				["pals", "weasel", "spring", "powerup"],
				["work", "phonomath", "dusty", "friend"],
				["pray","cross","icerod","silver"]
            ]
        }
    }
}
