{
    "tracker_broadcast": {
        "type": "array",
        "dropshadow": true,
        "margin": "10",
        "content": [
            {
                "type": "array",
                "orientation": "vertical",
                "content": [
                    {
                        "type": "itemgrid",
                        "h_alignment": "center",
                        "item_margin": "4,5",
                        "rows": [
                            ["healshard", "heal", "red", "green", "blue", "oldkey", "key"],
							["shield", "light", "dash", "vaultkey", "slot", "manual", "soul"],
							["dynamite", "firebomb", "icebomb", "lure", "effigy", "wishes", "mask"],
							["stick", "sword", "dagger", "staff", "orb", "gun", "hourglass"],
							["ATrelic", "DEFrelic", "POTrelic", "HPrelic", "SPrelic", "MPrelic"],
							["fangs", "idols", "powder", "flowers", "leaves", "shrooms"],
							["dath","justawell","ding", "dong", "visit"]
                        ]
                    },
                    {
                        "type": "container",
                        "margin": "0,5,0,0",
                        "content": {
                            "type": "recentpins",
                            "h_alignment": "stretch",
                            "v_alignment": "center",
                            "orientation": "vertical",
                            "compact": true,
                            "num_items": 2
                        }
                    }
                ]
            }
        ]
    }
}